comment-deploy-readiness	completed	success	https://github.com/BradleyGleavePortfolio/growth-project-backend/actions/runs/37148200705/job/111276613976
deploy-readiness-gate	completed	skipped	https://github.com/BradleyGleavePortfolio/growth-project-backend/actions/runs/37148200705/job/111276377018
rls-live-tests	completed	success	https://github.com/BradleyGleavePortfolio/growth-project-backend/actions/runs/37148200663/job/111276376270
test-deploy-readiness	completed	success	https://github.com/BradleyGleavePortfolio/growth-project-backend/actions/runs/37148200705/job/111276376261
build-and-test	completed	success	https://github.com/BradleyGleavePortfolio/growth-project-backend/actions/runs/37148200663/job/111276376240
mwb-3-live-tests	completed	success	https://github.com/BradleyGleavePortfolio/growth-project-backend/actions/runs/37148200663/job/111276376235
community-live-tests	completed	success	https://github.com/BradleyGleavePortfolio/growth-project-backend/actions/runs/37148200663/job/111276376234
rls-floor-guard	completed	success	https://github.com/BradleyGleavePortfolio/growth-project-backend/actions/runs/37148200663/job/111276376108
npm audit (high+critical, whole graph)	completed	success	https://github.com/BradleyGleavePortfolio/growth-project-backend/actions/runs/37148200640/job/111276376080
size-label	completed	success	https://github.com/BradleyGleavePortfolio/growth-project-backend/actions/runs/37148200645/job/111276376075
Schema parity (migrations match schema.prisma)	completed	success	https://github.com/BradleyGleavePortfolio/growth-project-backend/actions/runs/37148200627/job/111276375879
