pass	size-label	https://github.com/BradleyGleavePortfolio/growth-project-backend/actions/runs/37186484237/job/111389373527
pass	comment-deploy-readiness	https://github.com/BradleyGleavePortfolio/growth-project-backend/actions/runs/37186105838/job/111388406976
pass	community-live-tests	https://github.com/BradleyGleavePortfolio/growth-project-backend/actions/runs/37186105856/job/111388226041
pass	build-and-test	https://github.com/BradleyGleavePortfolio/growth-project-backend/actions/runs/37186105856/job/111388226110
pass	npm audit (high+critical, whole graph)	https://github.com/BradleyGleavePortfolio/growth-project-backend/actions/runs/37186105823/job/111388225973
pass	test-deploy-readiness	https://github.com/BradleyGleavePortfolio/growth-project-backend/actions/runs/37186105838/job/111388226276
pass	rls-floor-guard	https://github.com/BradleyGleavePortfolio/growth-project-backend/actions/runs/37186105856/job/111388226113
pass	rls-live-tests	https://github.com/BradleyGleavePortfolio/growth-project-backend/actions/runs/37186105856/job/111388226222
pass	Schema parity (migrations match schema.prisma)	https://github.com/BradleyGleavePortfolio/growth-project-backend/actions/runs/37186105827/job/111388226068
pass	mwb-3-live-tests	https://github.com/BradleyGleavePortfolio/growth-project-backend/actions/runs/37186105856/job/111388226075
skipping	deploy-readiness-gate	https://github.com/BradleyGleavePortfolio/growth-project-backend/actions/runs/37186105838/job/111388226926
