app.config.js	9e5e32d652a460ce5ad6e14eb8e60a09de54db32	9e5e32d652a460ce5ad6e14eb8e60a09de54db32
app.json	96040f5651bb232c742df1d0b47e0b8f81b189a7	96040f5651bb232c742df1d0b47e0b8f81b189a7
eas.json	c2ad78e15f8ae11c8527b886d8750a95b7b01a54	c2ad78e15f8ae11c8527b886d8750a95b7b01a54
plugins/withHealthConnectPermissionDelegate.js	26a3a1f157a3c70a2d100bd3a21bbb9648ad7b8a	26a3a1f157a3c70a2d100bd3a21bbb9648ad7b8a
scripts/__tests__/easUpdateGuard.test.js	e22d50b8681ea39dd6216a80c120630b678a9cbf	e22d50b8681ea39dd6216a80c120630b678a9cbf
src/config/__tests__/androidHealthConnectConfig.test.js	1dba58a2b7ca7adc07f85f96e4c1ffc45e788fce	1dba58a2b7ca7adc07f85f96e4c1ffc45e788fce
src/hooks/useSamsungHealthSync.test.tsx	5dcf23d11ab78e976d8d1c8d84ec6f5dea52ba67	5dcf23d11ab78e976d8d1c8d84ec6f5dea52ba67
src/hooks/useSamsungHealthSync.ts	0e422e6e6c3f9088a56d28fe0312e7ba5d4cb9d4	0e422e6e6c3f9088a56d28fe0312e7ba5d4cb9d4
src/services/health/__tests__/healthPlatformConfig.test.ts	dce6dea741f32e2369f44c1901647d8ae4769a9a	dce6dea741f32e2369f44c1901647d8ae4769a9a
src/services/health/__tests__/ingestContract.test.ts	60205019f474125de211890b893e2c968d30b10e	60205019f474125de211890b893e2c968d30b10e
src/services/health/samsungHealth/__tests__/samsungHealthClient.test.ts	2f4e4a2898fff9f8454886a976f5f4b72181332b	2f4e4a2898fff9f8454886a976f5f4b72181332b
src/services/health/samsungHealth/__tests__/samsungHealthNormalizer.test.ts	e1901a9f299319542d30363d9756ffb50d47e99b	e1901a9f299319542d30363d9756ffb50d47e99b
src/services/health/samsungHealth/__tests__/samsungHealthSyncService.test.ts	887bbae573e46e0d7e007633b7cca763edb69dfa	887bbae573e46e0d7e007633b7cca763edb69dfa
src/services/health/samsungHealth/errors.ts	a94a3a0eb22655de44ffcbb098c13ebf9da9263b	a94a3a0eb22655de44ffcbb098c13ebf9da9263b
src/services/health/samsungHealth/index.ts	b27c198d83db7d9ff361cabf96f8bafc22d2360c	b27c198d83db7d9ff361cabf96f8bafc22d2360c
src/services/health/samsungHealth/samsungHealthClient.ts	f8319c88448d5754d46b59f0b47c517e86ee54ed	f8319c88448d5754d46b59f0b47c517e86ee54ed
src/services/health/samsungHealth/samsungHealthNormalizer.ts	c110394ce138529833c7fa5bb0b349c77d74c0e1	c110394ce138529833c7fa5bb0b349c77d74c0e1
src/services/health/samsungHealth/samsungHealthSyncService.ts	df8aeb1100054c2dfad31ecf055c12e4ffee8750	df8aeb1100054c2dfad31ecf055c12e4ffee8750
src/services/health/samsungHealth/types.ts	9868b7c4cc4911b48439c804d4fe7f64884ec0f1	9868b7c4cc4911b48439c804d4fe7f64884ec0f1
