src/api/wearablesConnectionsApi.ts	cdb28275c7e64f5f3c97912ba2a4d2e725d5e2dc	cdb28275c7e64f5f3c97912ba2a4d2e725d5e2dc
src/hooks/useWearableConnections.disconnect.test.tsx	5db50bd697e82919070ff71bc9d68919dd387dd4	5db50bd697e82919070ff71bc9d68919dd387dd4
src/hooks/useWearableConnections.ts	53d78f9521ee1871a48946ff58afb86f4e35b954	53d78f9521ee1871a48946ff58afb86f4e35b954
src/navigation/CoachNavigator.tsx	9f5681473168956e42e898f724954896e9ebf7fa	9f5681473168956e42e898f724954896e9ebf7fa
src/navigation/__tests__/clientWearablePromptsRoute.test.ts	53e3b483855cc000a845b4abbad43d90bc305644	53e3b483855cc000a845b4abbad43d90bc305644
src/screens/client/wearables/ConnectProviderSheet.tsx	566a9f954f40a00a53c7a1fd604a01c0c3d12ee3	566a9f954f40a00a53c7a1fd604a01c0c3d12ee3
src/screens/client/wearables/ConnectionsScreen.tsx	e7d7ce4c4d9618de1790ac25d6b715f5e99f6d3c	e7d7ce4c4d9618de1790ac25d6b715f5e99f6d3c
src/screens/client/wearables/HealthFitnessScreen.tsx	606b1420bfe4e6dee0e2eed78130220324390ed2	606b1420bfe4e6dee0e2eed78130220324390ed2
src/screens/client/wearables/WearablesShell.tsx	bdb2ac7a30bad28c6ee9a4a87789eade47493810	bdb2ac7a30bad28c6ee9a4a87789eade47493810
src/screens/client/wearables/__tests__/ConnectProviderSheet.buildSwitch.test.tsx	53b3ac72c3a67d3a23d937275f26068177117e70	53b3ac72c3a67d3a23d937275f26068177117e70
src/screens/client/wearables/__tests__/ConnectProviderSheet.test.tsx	880b97145baa37a637abc720e43fa2d07e536584	880b97145baa37a637abc720e43fa2d07e536584
src/screens/client/wearables/__tests__/ConnectionsScreen.emptyImport.test.tsx	708b348e714117ec653b86d500bd5552b3bf94d5	708b348e714117ec653b86d500bd5552b3bf94d5
src/screens/client/wearables/__tests__/ConnectionsScreen.test.tsx	0ee875630f445a694261dea759158c2d9446bf45	0ee875630f445a694261dea759158c2d9446bf45
src/screens/client/wearables/__tests__/HealthFitnessScreen.rhr.test.tsx	1723fced1f8f48a5c4a3c8c83a5946a1eb5064df	1723fced1f8f48a5c4a3c8c83a5946a1eb5064df
src/screens/client/wearables/__tests__/WearablesShell.test.tsx	1bdae0d988ab82e63afc9cbb6975e90ff38b55d0	1bdae0d988ab82e63afc9cbb6975e90ff38b55d0
src/screens/client/wearables/__tests__/recoveryData.test.ts	9ae513e032cb98cfb17cf6a457731c67299cbaf3	9ae513e032cb98cfb17cf6a457731c67299cbaf3
src/screens/client/wearables/disconnectCopy.ts	022456a2527c0a2c24b5203ee03a917038d995df	022456a2527c0a2c24b5203ee03a917038d995df
src/screens/client/wearables/onDeviceCopy.ts	76061086c58c97fa4486ab702fe9d8fdc5eb3f49	76061086c58c97fa4486ab702fe9d8fdc5eb3f49
src/screens/client/wearables/recoveryData.ts	cb04ff2946c21ce4218c577c2e3ace6ad721088a	cb04ff2946c21ce4218c577c2e3ace6ad721088a
src/screens/coach/ClientDetailScreen.tsx	507761d89ffcbdcb3d6c7cccb749ec4905bf44f1	507761d89ffcbdcb3d6c7cccb749ec4905bf44f1
src/screens/coach/client-detail/HealthFitnessTab.tsx	49509b2b203560112d9ca6ff29f9db8d1c474acd	49509b2b203560112d9ca6ff29f9db8d1c474acd
src/screens/coach/client-detail/__tests__/HealthFitnessTab.test.tsx	5850b75e92925a64f3e9f37a33becd9a0fbd8153	5850b75e92925a64f3e9f37a33becd9a0fbd8153
src/screens/community/CommunityWearablePromptsScreen.tsx	1dfa20257465a55713629313808249417811bc21	1dfa20257465a55713629313808249417811bc21
src/screens/community/__tests__/CommunityWearablePromptsScreen.test.tsx	9059030ba57641a73deec7dbdb331ddc9f01733b	9059030ba57641a73deec7dbdb331ddc9f01733b
src/services/__tests__/authActions.test.ts	c34e28031981ebc06ea4f2a6bd4aab3a3ad0d577	c34e28031981ebc06ea4f2a6bd4aab3a3ad0d577
src/services/authActions.ts	6a9ab939ee9fb82b4e53e1d0f58d7e2c21babdd6	6a9ab939ee9fb82b4e53e1d0f58d7e2c21babdd6
src/services/health/onDeviceState.ts	b9d573e0b0a352cd8ce35e4d957a2a43a335b6f7	b9d573e0b0a352cd8ce35e4d957a2a43a335b6f7
