61	2	src/hooks/useWearableConnections.ts
15	0	src/navigation/CoachNavigator.tsx
51	0	src/navigation/__tests__/clientWearablePromptsRoute.test.ts
442	62	src/screens/client/wearables/ConnectProviderSheet.tsx
97	13	src/screens/client/wearables/ConnectionsScreen.tsx
19	2	src/screens/client/wearables/HealthFitnessScreen.tsx
230	9	src/screens/client/wearables/WearablesShell.tsx
25	1	src/screens/client/wearables/__tests__/ConnectProviderSheet.buildSwitch.test.tsx
401	41	src/screens/client/wearables/__tests__/ConnectProviderSheet.test.tsx
170	2	src/screens/client/wearables/__tests__/ConnectionsScreen.test.tsx
155	0	src/screens/client/wearables/__tests__/HealthFitnessScreen.rhr.test.tsx
260	1	src/screens/client/wearables/__tests__/WearablesShell.test.tsx
15	0	src/screens/client/wearables/__tests__/recoveryData.test.ts
13	5	src/screens/client/wearables/recoveryData.ts
19	1	src/screens/coach/ClientDetailScreen.tsx
36	1	src/screens/coach/client-detail/HealthFitnessTab.tsx
24	1	src/screens/coach/client-detail/__tests__/HealthFitnessTab.test.tsx
28	1	src/screens/community/CommunityWearablePromptsScreen.tsx
22	1	src/screens/community/__tests__/CommunityWearablePromptsScreen.test.tsx
32	0	src/services/__tests__/authActions.test.ts
25	1	src/services/authActions.ts
