size-label	completed	success	https://github.com/BradleyGleavePortfolio/growth-project-backend/actions/runs/37222954897/job/111496794659
CodeQL	completed	success	https://github.com/BradleyGleavePortfolio/growth-project-backend/runs/111495775566
comment-deploy-readiness	completed	success	https://github.com/BradleyGleavePortfolio/growth-project-backend/actions/runs/37222341071/job/111495251989
deploy-readiness-gate	completed	skipped	https://github.com/BradleyGleavePortfolio/growth-project-backend/actions/runs/37222341071/job/111495055727
build-sbom	completed	success	https://github.com/BradleyGleavePortfolio/growth-project-backend/actions/runs/37222341093/job/111495055251
rls-live-tests	completed	success	https://github.com/BradleyGleavePortfolio/growth-project-backend/actions/runs/37222341084/job/111495055088
Banned cast tokens (R75 / R100.A2)	completed	success	https://github.com/BradleyGleavePortfolio/growth-project-backend/actions/runs/37222341044/job/111495055082
mwb-3-live-tests	completed	success	https://github.com/BradleyGleavePortfolio/growth-project-backend/actions/runs/37222341084/job/111495055080
build-and-test	completed	success	https://github.com/BradleyGleavePortfolio/growth-project-backend/actions/runs/37222341084/job/111495055067
community-live-tests	completed	success	https://github.com/BradleyGleavePortfolio/growth-project-backend/actions/runs/37222341084/job/111495055064
test-deploy-readiness	completed	success	https://github.com/BradleyGleavePortfolio/growth-project-backend/actions/runs/37222341071/job/111495055002
npm audit (high+critical, whole graph)	completed	success	https://github.com/BradleyGleavePortfolio/growth-project-backend/actions/runs/37222341064/job/111495054946
rls-floor-guard	completed	success	https://github.com/BradleyGleavePortfolio/growth-project-backend/actions/runs/37222341084/job/111495054855
CodeQL JS/TS (javascript-typescript)	completed	success	https://github.com/BradleyGleavePortfolio/growth-project-backend/actions/runs/37222341126/job/111495054822
Schema parity (migrations match schema.prisma)	completed	success	https://github.com/BradleyGleavePortfolio/growth-project-backend/actions/runs/37222341050/job/111495054773
danger	completed	success	https://github.com/BradleyGleavePortfolio/growth-project-backend/actions/runs/37222341046/job/111495054764
size-label	completed	success	https://github.com/BradleyGleavePortfolio/growth-project-backend/actions/runs/37222341068/job/111495054723
