359	same	contracts/wearables-ingest-v1.fixture.json	e2eba74cbc9fe50367669b78652982f13f021dc0	e2eba74cbc9fe50367669b78652982f13f021dc0
359	changed	src/api/wearablesConnectionsApi.ts	8dfc427bcd4891d54ac6ade669122090b9bbc8ac	c60cd6a3e28475e658b37f68951df3d960d4e356
359	same	src/services/health/__tests__/ingestBatching.test.ts	60baf64dd34afa624fd8c36eb5a5c8ffda12f146	60baf64dd34afa624fd8c36eb5a5c8ffda12f146
359	same	src/services/health/__tests__/onDeviceState.test.ts	55f08eb65d7e6f8587990202a3602e9abcbf5c51	55f08eb65d7e6f8587990202a3602e9abcbf5c51
359	same	src/services/health/__tests__/sessionFence.test.ts	d5717e1cba5b6de55b9ed09bc75cae1518be645e	d5717e1cba5b6de55b9ed09bc75cae1518be645e
359	same	src/services/health/ingestBatching.ts	1f980a38834987f038328486035aa1f0cfa2dd84	1f980a38834987f038328486035aa1f0cfa2dd84
359	changed	src/services/health/onDeviceState.ts	5093b882f7d1d22564b3db5052e87f4fa99f7879	b92c6332394dc88102d955649f082e145fa65619
359	same	src/services/health/sessionFence.ts	c0119b6bbf6f1af4a5011d066fe2949faff35f07	c0119b6bbf6f1af4a5011d066fe2949faff35f07
360	same	src/hooks/__tests__/useHealthKitSync.test.tsx	absent	absent
360	same	src/hooks/useHealthConnectSync.test.tsx	absent	absent
360	same	src/hooks/useHealthConnectSync.ts	absent	absent
360	same	src/hooks/useHealthKitSync.ts	absent	absent
360	same	src/services/health/__tests__/healthConnectBuildGuard.test.ts	3c589ddc9130c7a117e1f1cdb0e44835c02e941b	3c589ddc9130c7a117e1f1cdb0e44835c02e941b
360	same	src/services/health/__tests__/onDeviceConnect.test.ts	5fb7f1877adfb06aebb030df461193534cb2aa1d	5fb7f1877adfb06aebb030df461193534cb2aa1d
360	same	src/services/health/healthConnect/__tests__/healthConnectClient.test.ts	a4774c5ebed0a8f4a4dee0a38c7718f4e00ea24f	a4774c5ebed0a8f4a4dee0a38c7718f4e00ea24f
360	same	src/services/health/healthConnect/__tests__/healthConnectIngestApi.test.ts	d36d43ad878bfca2ec084792fa37ae92ac46e263	d36d43ad878bfca2ec084792fa37ae92ac46e263
360	same	src/services/health/healthConnect/__tests__/healthConnectNormalizer.test.ts	975190dc0b8b8554a5593354280321b9edefd69f	975190dc0b8b8554a5593354280321b9edefd69f
360	same	src/services/health/healthConnect/__tests__/healthConnectSyncService.test.ts	a007f16ef7e416728cec38cd918c9bf94c69c64a	a007f16ef7e416728cec38cd918c9bf94c69c64a
360	same	src/services/health/healthConnect/healthConnectClient.ts	19d8dafe8ab95e254ac7b940a3e4d2f76fadc69c	19d8dafe8ab95e254ac7b940a3e4d2f76fadc69c
360	same	src/services/health/healthConnect/healthConnectIngestApi.ts	3fdb6d7935d353dd4eb289ffe55c60d69f6f162f	3fdb6d7935d353dd4eb289ffe55c60d69f6f162f
360	same	src/services/health/healthConnect/healthConnectNormalizer.ts	a15943bd8a7a692c40be54925dbdd94467a6701e	a15943bd8a7a692c40be54925dbdd94467a6701e
360	same	src/services/health/healthConnect/healthConnectSyncService.ts	1ffb1cb908fa54708b1f8783948460745dfe785a	1ffb1cb908fa54708b1f8783948460745dfe785a
360	same	src/services/health/healthConnect/index.ts	32f1e21915731e92ce92ec94efe7245af99cbb8e	32f1e21915731e92ce92ec94efe7245af99cbb8e
360	same	src/services/health/healthConnect/types.ts	7178bded89c52e3105c24ff7fe7c07483cda82de	7178bded89c52e3105c24ff7fe7c07483cda82de
360	same	src/services/health/healthkit/__tests__/healthKitClient.test.ts	a2d75863be686982cb252e7e0ae60abfa207e3fc	a2d75863be686982cb252e7e0ae60abfa207e3fc
360	same	src/services/health/healthkit/__tests__/healthKitNormalizer.test.ts	5a54eb6e5d0980d3dca339b7f84e0099658f1888	5a54eb6e5d0980d3dca339b7f84e0099658f1888
360	same	src/services/health/healthkit/__tests__/healthKitSyncService.test.ts	523f137d1e47965d4ee3d4360c258c25b5d015f0	523f137d1e47965d4ee3d4360c258c25b5d015f0
360	same	src/services/health/healthkit/healthKitClient.ts	1fb75592a0e1ea27b94e76a0c4e0e98a2964a788	1fb75592a0e1ea27b94e76a0c4e0e98a2964a788
360	same	src/services/health/healthkit/healthKitNormalizer.ts	fe28361b3296e46072441bfb2824dc7a5c689f88	fe28361b3296e46072441bfb2824dc7a5c689f88
360	same	src/services/health/healthkit/healthKitSyncService.ts	ff87bc631484bb225e01d1f1628ff36bf9535154	ff87bc631484bb225e01d1f1628ff36bf9535154
360	same	src/services/health/healthkit/index.ts	d90c858c0f6c5ce14cc28b575bb88b97ebf10e0a	d90c858c0f6c5ce14cc28b575bb88b97ebf10e0a
360	same	src/services/health/onDeviceConnect.ts	d68f8f49e3276c8d1b07a52ffd330b891d960338	d68f8f49e3276c8d1b07a52ffd330b891d960338
361	same	config/expected-env.json	a0a96f604b64459f0d694793450b283a2b57efea	a0a96f604b64459f0d694793450b283a2b57efea
361	same	docs/android-health-connect-build-switch.md	3bb287e8a09aae87c89563d14196528a84a975c6	3bb287e8a09aae87c89563d14196528a84a975c6
361	same	docs/mobile/HEALTH_NATIVE_MODULES.md	85187d0a05d516d3dada3b7b9170a6b908a8bbca	85187d0a05d516d3dada3b7b9170a6b908a8bbca
361	same	src/config/featureFlags.ts	fa655e775ec276b724721da7592bea890634769b	fa655e775ec276b724721da7592bea890634769b
361	same	src/screens/client/wearables/DisconnectConfirmDialog.tsx	a2c21265456d5c4496da9daa33e9add71af7934a	a2c21265456d5c4496da9daa33e9add71af7934a
361	same	src/screens/client/wearables/__tests__/onDeviceCopy.test.ts	12d8c2f342a587e3a01edd6b4c7ae5e31e08af2e	12d8c2f342a587e3a01edd6b4c7ae5e31e08af2e
361	changed	src/screens/client/wearables/disconnectCopy.ts	658e7ec691d9593176f2e608c1b46041e7af3a43	022456a2527c0a2c24b5203ee03a917038d995df
361	changed	src/screens/client/wearables/onDeviceCopy.ts	a257091fe73733b8104f3ba741ad631487ce9091	76061086c58c97fa4486ab702fe9d8fdc5eb3f49
361	same	src/services/health/__tests__/onDeviceSync.test.ts	a42c57a224528926f91dc63f254c4887fba2f8f1	a42c57a224528926f91dc63f254c4887fba2f8f1
361	same	src/services/health/onDeviceSync.ts	14d70e70824d38270f77a667aae37f5301f98b1a	14d70e70824d38270f77a667aae37f5301f98b1a
362	same	src/api/wearablesConnectionsApi.test.ts	28d0e3304fe9166e6513b14a8812d0641c98ebea	28d0e3304fe9166e6513b14a8812d0641c98ebea
362	same	src/api/wearablesConnectionsApi.ts	c60cd6a3e28475e658b37f68951df3d960d4e356	c60cd6a3e28475e658b37f68951df3d960d4e356
362	same	src/hooks/useWearableConnections.disconnect.test.tsx	5db50bd697e82919070ff71bc9d68919dd387dd4	5db50bd697e82919070ff71bc9d68919dd387dd4
362	same	src/hooks/useWearableConnections.ts	a941a4309222092145c570460915932394e19a88	a941a4309222092145c570460915932394e19a88
362	same	src/navigation/CoachNavigator.tsx	9f5681473168956e42e898f724954896e9ebf7fa	9f5681473168956e42e898f724954896e9ebf7fa
362	same	src/navigation/__tests__/clientWearablePromptsRoute.test.ts	53e3b483855cc000a845b4abbad43d90bc305644	53e3b483855cc000a845b4abbad43d90bc305644
362	same	src/screens/client/wearables/ConnectProviderSheet.tsx	566a9f954f40a00a53c7a1fd604a01c0c3d12ee3	566a9f954f40a00a53c7a1fd604a01c0c3d12ee3
362	same	src/screens/client/wearables/ConnectionsScreen.tsx	189cddcde307e6a435176a0b4c5047a10bc6f15f	189cddcde307e6a435176a0b4c5047a10bc6f15f
362	same	src/screens/client/wearables/HealthFitnessScreen.tsx	606b1420bfe4e6dee0e2eed78130220324390ed2	606b1420bfe4e6dee0e2eed78130220324390ed2
362	same	src/screens/client/wearables/WearablesShell.tsx	bdb2ac7a30bad28c6ee9a4a87789eade47493810	bdb2ac7a30bad28c6ee9a4a87789eade47493810
362	same	src/screens/client/wearables/__tests__/ConnectProviderSheet.buildSwitch.test.tsx	53b3ac72c3a67d3a23d937275f26068177117e70	53b3ac72c3a67d3a23d937275f26068177117e70
362	same	src/screens/client/wearables/__tests__/ConnectProviderSheet.test.tsx	880b97145baa37a637abc720e43fa2d07e536584	880b97145baa37a637abc720e43fa2d07e536584
362	same	src/screens/client/wearables/__tests__/ConnectionsScreen.emptyImport.test.tsx	708b348e714117ec653b86d500bd5552b3bf94d5	708b348e714117ec653b86d500bd5552b3bf94d5
362	changed	src/screens/client/wearables/__tests__/ConnectionsScreen.test.tsx	0ee875630f445a694261dea759158c2d9446bf45	c90258c69664194dd475e40f04a27443c3547a04
362	same	src/screens/client/wearables/__tests__/HealthFitnessScreen.rhr.test.tsx	1723fced1f8f48a5c4a3c8c83a5946a1eb5064df	1723fced1f8f48a5c4a3c8c83a5946a1eb5064df
362	same	src/screens/client/wearables/__tests__/WearablesShell.test.tsx	1bdae0d988ab82e63afc9cbb6975e90ff38b55d0	1bdae0d988ab82e63afc9cbb6975e90ff38b55d0
362	same	src/screens/client/wearables/__tests__/recoveryData.test.ts	9ae513e032cb98cfb17cf6a457731c67299cbaf3	9ae513e032cb98cfb17cf6a457731c67299cbaf3
362	same	src/screens/client/wearables/disconnectCopy.ts	022456a2527c0a2c24b5203ee03a917038d995df	022456a2527c0a2c24b5203ee03a917038d995df
362	same	src/screens/client/wearables/onDeviceCopy.ts	76061086c58c97fa4486ab702fe9d8fdc5eb3f49	76061086c58c97fa4486ab702fe9d8fdc5eb3f49
362	same	src/screens/client/wearables/recoveryData.ts	cb04ff2946c21ce4218c577c2e3ace6ad721088a	cb04ff2946c21ce4218c577c2e3ace6ad721088a
362	same	src/screens/coach/ClientDetailScreen.tsx	507761d89ffcbdcb3d6c7cccb749ec4905bf44f1	507761d89ffcbdcb3d6c7cccb749ec4905bf44f1
362	same	src/screens/coach/client-detail/HealthFitnessTab.tsx	49509b2b203560112d9ca6ff29f9db8d1c474acd	49509b2b203560112d9ca6ff29f9db8d1c474acd
362	same	src/screens/coach/client-detail/__tests__/HealthFitnessTab.test.tsx	5850b75e92925a64f3e9f37a33becd9a0fbd8153	5850b75e92925a64f3e9f37a33becd9a0fbd8153
362	same	src/screens/community/CommunityWearablePromptsScreen.tsx	1dfa20257465a55713629313808249417811bc21	1dfa20257465a55713629313808249417811bc21
362	same	src/screens/community/__tests__/CommunityWearablePromptsScreen.test.tsx	9059030ba57641a73deec7dbdb331ddc9f01733b	9059030ba57641a73deec7dbdb331ddc9f01733b
362	same	src/services/__tests__/authActions.test.ts	c34e28031981ebc06ea4f2a6bd4aab3a3ad0d577	c34e28031981ebc06ea4f2a6bd4aab3a3ad0d577
362	changed	src/services/authActions.ts	fa49fc3c7b418bc0a2b06d276d2f8c997e29a026	5e2163c3d28824b24c1d22258b47da1465b3abdb
362	changed	src/services/health/onDeviceState.ts	da561006c6cafdfe88b24a75e9f8361a2062956b	b92c6332394dc88102d955649f082e145fa65619
363	same	src/hooks/useWearableConnections.sessionEpoch.test.tsx	8dd404bf7de9cc1d2b5a25204ad719f64f24f6fc	8dd404bf7de9cc1d2b5a25204ad719f64f24f6fc
363	same	src/hooks/useWearableConnections.transport.test.tsx	6d55c57a6764a5b2936603c37e0d2269033c9f9d	6d55c57a6764a5b2936603c37e0d2269033c9f9d
363	same	src/screens/client/wearables/__tests__/ConnectProviderSheet.accountSwitch.test.tsx	b56f10fe5de6ddc4443c39aedc4b95ebedd998ad	b56f10fe5de6ddc4443c39aedc4b95ebedd998ad
363	same	src/screens/client/wearables/__tests__/ConnectProviderSheet.attemptFence.test.tsx	4848e88601bf704e202a62e975c868ced0bcf125	4848e88601bf704e202a62e975c868ced0bcf125
363	same	src/screens/client/wearables/__tests__/ConnectProviderSheet.importEpoch.test.tsx	9e16d7cce2be93831095af1b1eaadbeaf07de62f	9e16d7cce2be93831095af1b1eaadbeaf07de62f
363	same	src/screens/client/wearables/__tests__/ConnectionsScreen.test.tsx	c90258c69664194dd475e40f04a27443c3547a04	c90258c69664194dd475e40f04a27443c3547a04
363	same	src/services/__tests__/authActions.healthQueue.sol119e.test.ts	54bb6437ef0ae0f88e3cdedafe07b18b341701b8	54bb6437ef0ae0f88e3cdedafe07b18b341701b8
363	same	src/services/health/__tests__/onDeviceState.serialQueue.test.ts	0992ddd0e7390dce69b325867a6e5363bbc23a75	0992ddd0e7390dce69b325867a6e5363bbc23a75
363	changed	src/services/health/__tests__/onDeviceState.signOutDrain.test.ts	3b0fc5ada59c67d53e2bd8321278bda87c500382	48763995a9d41339cd0210633afcaca81ee2987e
363	same	src/services/health/__tests__/retireNativeOrder.sol119.test.ts	1d77a4c88bc20c593ebcef4f8bbc171444f47228	1d77a4c88bc20c593ebcef4f8bbc171444f47228
364	same	app.config.js	4413638e3d06842786fdbd16681794192cf6b7fa	4413638e3d06842786fdbd16681794192cf6b7fa
364	same	app.json	f10d43ec17e0637987b7dce203e955eb98957441	f10d43ec17e0637987b7dce203e955eb98957441
364	same	eas.json	a87a56f872da112d64cde00e65f2db820c4b5648	a87a56f872da112d64cde00e65f2db820c4b5648
364	same	plugins/withHealthConnectPermissionDelegate.js	12b35831b1a98cec118039fe13fbdfb128152426	12b35831b1a98cec118039fe13fbdfb128152426
364	same	scripts/__tests__/easUpdateGuard.test.js	ea0a232f3330eae77831831636b97c9f3e52b846	ea0a232f3330eae77831831636b97c9f3e52b846
364	same	src/config/__tests__/androidHealthConnectConfig.test.js	8b2fa3d2089b8baa1f0cc0651d96ebc990b142c1	8b2fa3d2089b8baa1f0cc0651d96ebc990b142c1
364	same	src/hooks/useSamsungHealthSync.test.tsx	absent	absent
364	same	src/hooks/useSamsungHealthSync.ts	absent	absent
364	same	src/services/health/__tests__/healthPlatformConfig.test.ts	c16ad6a6da89a0d1379f451d0c4a423673e8c188	c16ad6a6da89a0d1379f451d0c4a423673e8c188
364	same	src/services/health/__tests__/ingestContract.test.ts	7d8d3b8a32cb673e28cb1a4c45377fce8e2abc00	7d8d3b8a32cb673e28cb1a4c45377fce8e2abc00
364	same	src/services/health/samsungHealth/__tests__/samsungHealthClient.test.ts	absent	absent
364	same	src/services/health/samsungHealth/__tests__/samsungHealthNormalizer.test.ts	absent	absent
364	same	src/services/health/samsungHealth/__tests__/samsungHealthSyncService.test.ts	absent	absent
364	same	src/services/health/samsungHealth/errors.ts	absent	absent
364	same	src/services/health/samsungHealth/index.ts	absent	absent
364	same	src/services/health/samsungHealth/samsungHealthClient.ts	absent	absent
364	same	src/services/health/samsungHealth/samsungHealthNormalizer.ts	absent	absent
364	same	src/services/health/samsungHealth/samsungHealthSyncService.ts	absent	absent
364	same	src/services/health/samsungHealth/types.ts	absent	absent
