app.config.js	4413638e3d06842786fdbd16681794192cf6b7fa	4413638e3d06842786fdbd16681794192cf6b7fa	4413638e3d06842786fdbd16681794192cf6b7fa
app.json	610e834493d7f27fdb1a20a75911f8517ea553b1	f10d43ec17e0637987b7dce203e955eb98957441	f10d43ec17e0637987b7dce203e955eb98957441
eas.json	b677652b979c1eaa0a1e83601513cebfb02ef725	a87a56f872da112d64cde00e65f2db820c4b5648	a87a56f872da112d64cde00e65f2db820c4b5648
plugins/withHealthConnectPermissionDelegate.js	24ba1900d634beadd32803a33e739cf7f139cdd5	24ba1900d634beadd32803a33e739cf7f139cdd5	24ba1900d634beadd32803a33e739cf7f139cdd5
scripts/__tests__/easUpdateGuard.test.js	ABSENT	767b7ea951a4211a8ad11d26029feec089aeef52	ea0a232f3330eae77831831636b97c9f3e52b846
src/config/__tests__/androidHealthConnectConfig.test.js	7ff07e9cacd83109d09e8f9936b1c77601866457	8b2fa3d2089b8baa1f0cc0651d96ebc990b142c1	8b2fa3d2089b8baa1f0cc0651d96ebc990b142c1
src/hooks/useSamsungHealthSync.test.tsx	ABSENT	ABSENT	ABSENT
src/hooks/useSamsungHealthSync.ts	ABSENT	ABSENT	ABSENT
src/services/health/__tests__/healthPlatformConfig.test.ts	68b1f9fca14c08a1744861b7616694267bacbd26	68b1f9fca14c08a1744861b7616694267bacbd26	68b1f9fca14c08a1744861b7616694267bacbd26
src/services/health/__tests__/ingestContract.test.ts	7d8d3b8a32cb673e28cb1a4c45377fce8e2abc00	7d8d3b8a32cb673e28cb1a4c45377fce8e2abc00	7d8d3b8a32cb673e28cb1a4c45377fce8e2abc00
src/services/health/samsungHealth/__tests__/samsungHealthClient.test.ts	ABSENT	ABSENT	ABSENT
src/services/health/samsungHealth/__tests__/samsungHealthNormalizer.test.ts	ABSENT	ABSENT	ABSENT
src/services/health/samsungHealth/__tests__/samsungHealthSyncService.test.ts	ABSENT	ABSENT	ABSENT
src/services/health/samsungHealth/errors.ts	ABSENT	ABSENT	ABSENT
src/services/health/samsungHealth/index.ts	ABSENT	ABSENT	ABSENT
src/services/health/samsungHealth/samsungHealthClient.ts	ABSENT	ABSENT	ABSENT
src/services/health/samsungHealth/samsungHealthNormalizer.ts	ABSENT	ABSENT	ABSENT
src/services/health/samsungHealth/samsungHealthSyncService.ts	ABSENT	ABSENT	ABSENT
src/services/health/samsungHealth/types.ts	ABSENT	ABSENT	ABSENT
