Banned cast tokens (R75 / R100.A2)	success	111893301325	https://github.com/BradleyGleavePortfolio/growth-project-backend/actions/runs/37348560769/job/111893301325
CodeQL	success	111895063741	https://github.com/BradleyGleavePortfolio/growth-project-backend/runs/111895063741
CodeQL JS/TS (javascript-typescript)	success	111893300348	https://github.com/BradleyGleavePortfolio/growth-project-backend/actions/runs/37348560709/job/111893300348
Schema parity (migrations match schema.prisma)	success	111893300864	https://github.com/BradleyGleavePortfolio/growth-project-backend/actions/runs/37348560774/job/111893300864
actionlint (.github/workflows/*.yml)	success	111893303184	https://github.com/BradleyGleavePortfolio/growth-project-backend/actions/runs/37348560836/job/111893303184
build-and-test	success	111893302388	https://github.com/BradleyGleavePortfolio/growth-project-backend/actions/runs/37348561009/job/111893302388
build-sbom	success	111893300430	https://github.com/BradleyGleavePortfolio/growth-project-backend/actions/runs/37348560718/job/111893300430
comment-deploy-readiness	success	111893697325	https://github.com/BradleyGleavePortfolio/growth-project-backend/actions/runs/37348560797/job/111893697325
community-live-tests	success	111893302117	https://github.com/BradleyGleavePortfolio/growth-project-backend/actions/runs/37348561009/job/111893302117
danger	success	111893300918	https://github.com/BradleyGleavePortfolio/growth-project-backend/actions/runs/37348560825/job/111893300918
danger dry-run (dangerfile.js)	success	111893302701	https://github.com/BradleyGleavePortfolio/growth-project-backend/actions/runs/37348560836/job/111893302701
deploy-readiness-gate	skipped	111893303248	https://github.com/BradleyGleavePortfolio/growth-project-backend/actions/runs/37348560797/job/111893303248
mwb-3-live-tests	success	111893302515	https://github.com/BradleyGleavePortfolio/growth-project-backend/actions/runs/37348561009/job/111893302515
npm audit (high+critical, whole graph)	success	111893301988	https://github.com/BradleyGleavePortfolio/growth-project-backend/actions/runs/37348560870/job/111893301988
rls-floor-guard	success	111893302415	https://github.com/BradleyGleavePortfolio/growth-project-backend/actions/runs/37348561009/job/111893302415
rls-live-tests	success	111893302455	https://github.com/BradleyGleavePortfolio/growth-project-backend/actions/runs/37348561009/job/111893302455
shellcheck (scripts/*.sh)	success	111893303026	https://github.com/BradleyGleavePortfolio/growth-project-backend/actions/runs/37348560836/job/111893303026
size-label	success	111893300391	https://github.com/BradleyGleavePortfolio/growth-project-backend/actions/runs/37348560699/job/111893300391
test-deploy-readiness	success	111893301530	https://github.com/BradleyGleavePortfolio/growth-project-backend/actions/runs/37348560797/job/111893301530
