Schema parity (migrations match schema.prisma)	success	111893367706	https://github.com/BradleyGleavePortfolio/growth-project-backend/actions/runs/37348580275/job/111893367706
build-and-test	success	111893367700	https://github.com/BradleyGleavePortfolio/growth-project-backend/actions/runs/37348580377/job/111893367700
comment-deploy-readiness	success	111893897080	https://github.com/BradleyGleavePortfolio/growth-project-backend/actions/runs/37348580359/job/111893897080
community-live-tests	success	111893367875	https://github.com/BradleyGleavePortfolio/growth-project-backend/actions/runs/37348580377/job/111893367875
deploy-readiness-gate	skipped	111893370201	https://github.com/BradleyGleavePortfolio/growth-project-backend/actions/runs/37348580359/job/111893370201
mwb-3-live-tests	success	111893367779	https://github.com/BradleyGleavePortfolio/growth-project-backend/actions/runs/37348580377/job/111893367779
npm audit (high+critical, whole graph)	success	111893368216	https://github.com/BradleyGleavePortfolio/growth-project-backend/actions/runs/37348580415/job/111893368216
rls-floor-guard	success	111893367890	https://github.com/BradleyGleavePortfolio/growth-project-backend/actions/runs/37348580377/job/111893367890
rls-live-tests	success	111893367825	https://github.com/BradleyGleavePortfolio/growth-project-backend/actions/runs/37348580377/job/111893367825
size-label	success	111893367486	https://github.com/BradleyGleavePortfolio/growth-project-backend/actions/runs/37348580285/job/111893367486
test-deploy-readiness	success	111893368699	https://github.com/BradleyGleavePortfolio/growth-project-backend/actions/runs/37348580359/job/111893368699
