348	UNCHANGED	src/api/coachMoneyApi.ts
348	LOWER-SLICE-MERGE	src/components/coach/setup/CoachSetupChecklist.tsx
348	LOWER-SLICE-MERGE	src/lib/coachSetup/errors.ts
348	UNCHANGED	src/lib/coachSetup/setupStatus.ts
348	UNCHANGED	src/lib/money/headCoachRole.ts
348	UNCHANGED	src/lib/money/moneyCopy.ts
349	UNCHANGED	src/components/coach/money/MoneyHomeCard.tsx
349	UNCHANGED	src/components/coach/setup/__tests__/coachSetupRound2.test.tsx
349	UNCHANGED	src/components/command-center/AlertRow.tsx
349	UNCHANGED	src/components/command-center/KpiTile.tsx
349	UNCHANGED	src/navigation/CoachNavigator.tsx
349	LOWER-SLICE-MERGE	src/navigation/CoachWizardNavigator.tsx
349	UNCHANGED	src/navigation/__tests__/coachSettingsMoneyRow.test.tsx
349	UNCHANGED	src/screens/coach/CoachTeamProfileScreen.tsx
349	UNCHANGED	src/screens/coach/SettingsScreen.tsx
349	UNCHANGED	src/screens/coach/command-center/CoachHomeCards.tsx
349	UNCHANGED	src/screens/coach/money/MoneyBack.tsx
349	UNCHANGED	src/screens/coach/money/MoneyChargeScreen.tsx
349	UNCHANGED	src/screens/coach/money/MoneyChargesScreen.tsx
349	UNCHANGED	src/screens/coach/money/MoneyRedirect.tsx
349	UNCHANGED	src/screens/coach/money/MoneyScreen.tsx
349	UNCHANGED	src/screens/coach/money/__tests__/moneyNavigation.test.tsx
349	UNCHANGED	src/screens/coach/money/useSection.ts
349	UNCHANGED	src/screens/coach/settings/BillingSection.tsx
350	UNCHANGED	src/screens/coach/money/__tests__/money.test.tsx
351	UNCHANGED	src/__tests__/coachSaasBlockers.test.ts
351	UNCHANGED	src/__tests__/paymentsConnectPackages.test.ts
351	ABSENT-BOTH	src/api/coachEarningsApi.ts
351	LOWER-SLICE-MERGE	src/api/packagesApi.ts
351	UNCHANGED	src/components/roman/__tests__/romanP3FlagOff.test.tsx
351	UNCHANGED	src/components/roman/__tests__/romanP3HostWiring.test.tsx
351	ABSENT-BOTH	src/screens/coach/CoachBusinessMetricsScreen.tsx
351	ABSENT-BOTH	src/screens/coach/CoachEarningsScreen.tsx
351	ABSENT-BOTH	src/screens/coach/payments/CoachEarningsScreen.tsx
