Schema parity (migrations match schema.prisma)	completed	success	https://github.com/BradleyGleavePortfolio/growth-project-backend/actions/runs/37348580275/job/111893367706
build-and-test	completed	success	https://github.com/BradleyGleavePortfolio/growth-project-backend/actions/runs/37348580377/job/111893367700
comment-deploy-readiness	completed	success	https://github.com/BradleyGleavePortfolio/growth-project-backend/actions/runs/37348580359/job/111893897080
community-live-tests	completed	success	https://github.com/BradleyGleavePortfolio/growth-project-backend/actions/runs/37348580377/job/111893367875
deploy-readiness-gate	completed	skipped	https://github.com/BradleyGleavePortfolio/growth-project-backend/actions/runs/37348580359/job/111893370201
mwb-3-live-tests	completed	success	https://github.com/BradleyGleavePortfolio/growth-project-backend/actions/runs/37348580377/job/111893367779
npm audit (high+critical, whole graph)	completed	success	https://github.com/BradleyGleavePortfolio/growth-project-backend/actions/runs/37348580415/job/111893368216
rls-floor-guard	completed	success	https://github.com/BradleyGleavePortfolio/growth-project-backend/actions/runs/37348580377/job/111893367890
rls-live-tests	completed	success	https://github.com/BradleyGleavePortfolio/growth-project-backend/actions/runs/37348580377/job/111893367825
size-label	completed	success	https://github.com/BradleyGleavePortfolio/growth-project-backend/actions/runs/37348580285/job/111893367486
size-label	completed	success	https://github.com/BradleyGleavePortfolio/growth-project-backend/actions/runs/37350574663/job/111900106208
test-deploy-readiness	completed	success	https://github.com/BradleyGleavePortfolio/growth-project-backend/actions/runs/37348580359/job/111893368699
